model,bleu,bleurt,rouge1,rouge2,rougeL
sm_baseline,0.0242364614726386,0.2567460231423510,0.0874423798287161,0.0306305188475156,0.0831108937015966
sm_finetuned,0.0344048975890758,0.3363116169257690,0.1322070135158570,0.0540232547185380,0.1255436056587400
med_baseline,0.0275093721295106,0.2312052815604230,0.0841131710782603,0.0328213375925734,0.0809270857453345
med_finetuned,0.0362033832963923,0.3331258277557760,0.1376232547185380,0.0562372428840293,0.1300258058940690