model,bleu,bleurt,rouge1,rouge2,rougeL
sm_baseline,0.0241221263262491,0.2567101972349680,0.0874275834155075,0.0307014181827513,0.0831020508018243
sm_finetuned,0.0344153035233192,0.3363050432537750,0.1322406639414520,0.0540383042127722,0.1255346864998340
med_baseline,0.0276084761823826,0.2312464740737010,0.0843494887288680,0.0324044706407571,0.0810141164346758
med_finetuned,0.0360391934841133,0.3331041555312860,0.1377482306888940,0.0567063205638566,0.1330073863397850