,model,bleu,bleurt,rouge1,rouge2,rougeL
0,sm_baseline,0.022712491351908715,0.2645192189514637,0.11452892588063995,0.03534501196234261,0.10522909779955848
1,sm_finetuned,0.053349773828993946,0.27320617908239364,0.15121695511445132,0.06599084941508582,0.14677616354107678
2,lg_baseline,0.020075048122295616,0.2531064968332648,0.11653208922215078,0.036303177623515696,0.1065259412689866
3,lg_finetuned,0.06658186302452042,0.2913635506555438,0.17183197370845527,0.08379691737638237,0.1652794731368715
