,model,bleu,bleurt,rouge1,rouge2,rougeL
0,sm_baseline,0.022828010063603087,0.25146232357621195,0.11414645096980383,0.03610507798868187,0.10489504858254911
1,sm_finetuned,0.03471978722421848,0.2537195966616273,0.13408285720601906,0.045444497769166925,0.12813441204990678
2,lg_baseline,0.0172417529197228,0.2247471838593483,0.09802543584528481,0.02739292585004318,0.0910410662746518
3,lg_finetuned,0.03897684264542184,0.2674303906261921,0.1328898807855874,0.05309700771455417,0.1261524130135796
