,model,bleu,bleurt,rouge1,rouge2,rougeL
0,sm_baseline,0.01987933728242274,0.2593938340470195,0.11159469507583439,0.03255750211029121,0.10222096999363367
1,sm_finetuned,0.054623771352791825,0.27458026207983494,0.14818486549625043,0.06362854345625754,0.14280341115944084
2,lg_baseline,0.018928221829702746,0.24646849171072244,0.11513043576954185,0.0359074265279723,0.1063710637806938
3,lg_finetuned,0.06327665146251908,0.29307196266949176,0.1670239113283405,0.0791487872626021,0.15980349482438477
