,model,bleu,bleurt,rouge1,rouge2,rougeL
0,sm_baseline,0.022905303967800418,0.2583157823458314,0.11565804675398951,0.03630757527725256,0.10596034294750972
1,sm_finetuned,0.05709783725918109,0.2806941592991352,0.15297181153703865,0.07107292939144878,0.14759712893849136
2,lg_baseline,0.018342018479819023,0.25065545019507407,0.11448553607229649,0.0334781327395306,0.10458133559422905
3,lg_finetuned,0.0659627112410622,0.2908188411593437,0.1645570787256663,0.08182153024564015,0.1587690696809328
