model,bleu,bleurt,rouge1,rouge2,rougeL
sm_baseline,0.0274436113361016,0.3254183652233490,0.1115227614290190,0.0402206171777415,0.1059064312369260
sm_finetuned,0.0303324064303172,0.3383482299355570,0.1297166381033760,0.0477227614290192,0.1230317601635220
med_baseline,0.0203204510937625,0.2999398563431550,0.1003183449639730,0.0341037819730131,0.0954297160374781
med_finetuned,0.0344375552159836,0.3377256781113320,0.1347118250925560,0.0537074441986433,0.1281182273695540