model,bleu,bleurt,rouge1,rouge2,rougeL
sm_baseline,0.0274055153848514,0.3255107226159210,0.1113045785423540,0.0404403313390128,0.1060832307481820
sm_finetuned,0.0304260790958105,0.3384283857918790,0.1296177429000070,0.0477003028343057,0.1229133340677690
med_baseline,0.0203569938855592,0.2992253025148710,0.1000000000000000,0.0342273640903888,0.0953349231731974
med_finetuned,0.0344439507095100,0.3377156947246670,0.1344286817874010,0.0538472492632615,0.1281230472744320